,mean,sd,2.50%,25%,50%,75%,97.50%,Rhat,n.eff,,,,,,,,,,,,,,,,,,,,
d[1],0,0,0,0,0,0,0,1,1,,1,2,,,3,4,5,6,7,8,9,10,11,12,13,14,15,16,17
d[2],0.554905399,0.840368145,-1.379815442,0.16459252,0.629322741,1.056425321,2.044170779,1.004198323,540,1,-,1.741776204,0.251624988,7.722752011,,,,,,,,,,,,,,,
d[3],-2.029276976,0.498877493,-3.03359807,-2.330033091,-2.016748252,-1.701845317,-1.101582082,1.001999482,2400,2,,-,,,,,,,,,,,,,,,,,
d[4],-1.936993586,0.582332974,-3.208904307,-2.272914864,-1.896806407,-1.546135111,-0.903166393,1.001904156,1400,3,,,-,,,,,,,,,,,,,,,,
d[5],-0.611163263,0.793091693,-2.418199393,-1.081773246,-0.52196869,-0.053980741,0.726421326,1.002919048,890,4,,,,,,,,,,,,,,,,,,,
d[6],-0.695551319,1.202723371,-3.136226664,-1.452360153,-0.67841431,0.067721552,1.663130864,1.000762114,3000,5,,,,,,,,,,,,,,,,,,,
d[7],-1.564163921,0.892069059,-3.560774915,-2.00730786,-1.497423439,-1.027585523,0.003968287,1.001916561,2000,6,,,,,,,,,,,,,,,,,,,
d[8],-0.686229531,0.908305829,-2.657227696,-1.209209459,-0.615548996,-0.098971249,0.918952141,1.007322634,300,7,,,,,,,,,,,,,,,,,,,
d[9],-0.618312831,0.752717218,-2.306440977,-1.040519328,-0.561751715,-0.140457935,0.696295868,1.001943728,3000,8,,,,,,,,,,,,,,,,,,,
d[10],-0.780571527,0.530566183,-1.840989011,-1.110026472,-0.77008998,-0.435048535,0.27844959,1.001911079,1400,9,,,,,,,,,,,,,,,,,,,
d[11],-0.866162002,0.640319954,-2.213966937,-1.242589194,-0.850044641,-0.466963933,0.331148791,1.001821204,1500,10,,,,,,,,,,,,,,,,,,,
d[12],-0.54354477,0.60742049,-1.821669864,-0.898597853,-0.51954865,-0.14618134,0.597240378,1.002838663,920,11,,,,,,,,,,,,,,,,,,,
d[13],-0.190269,0.896491521,-2.204304333,-0.652995746,-0.134219518,0.342157454,1.390782262,1.001995552,1400,12,,,,,,,,,,,,,,,,,,,
d[14],-2.351205879,1.061802594,-4.470141258,-3.017014342,-2.341635043,-1.671195155,-0.26061511,1.001527747,2500,13,,,,,,,,,,,,,,,,,,,
d[15],-3.799430312,2.426394043,-8.333976933,-5.407866828,-3.847299982,-2.331931638,1.069365039,1.000859393,3000,14,,,,,,,,,,,,,,,,,,,
d[16],-3.075156636,1.219166486,-5.505628608,-3.84060125,-3.107729001,-2.317112351,-0.566523106,1.00083072,3000,15,,,,,,,,,,,,,,,,,,,
d[17],-3.310636227,2.236754345,-7.784106799,-4.687088969,-3.282820198,-1.875650244,1.109461663,1.002896052,840,16,,,,,,,,,,,,,,,,,,,
deviance,847.6136604,14.76035608,820.3978412,837.289943,846.8204816,857.0925553,877.9882155,1.003504897,670,17,,,,,,,,,,,,,,,,,,,
"lor[1,2]",0.554905399,0.840368145,-1.379815442,0.16459252,0.629322741,1.056425321,2.044170779,1.004198323,540,,,,,,,,,,,,,,,,,,,,
"lor[1,3]",-2.029276976,0.498877493,-3.03359807,-2.330033091,-2.016748252,-1.701845317,-1.101582082,1.001999482,2400,,,,,,,,,,,,,,,,,,,,
"lor[2,3]",-2.584182375,0.823479331,-4.2001642,-3.009498452,-2.638738461,-2.205126563,-0.714639083,1.006787038,320,,,,,,,,,,,,,,,,,,,,
"lor[1,4]",-1.936993586,0.582332974,-3.208904307,-2.272914864,-1.896806407,-1.546135111,-0.903166393,1.001904156,1400,,,,,,,,,,,,,,,,,,,,
"lor[2,4]",-2.491898986,0.825321667,-4.164806137,-2.905248147,-2.506107133,-2.07510744,-0.72316249,1.006478434,340,,,,,,,,,,,,,,,,,,,,
"lor[3,4]",0.092283389,0.627937993,-1.28190773,-0.24417062,0.12536737,0.473900614,1.254739904,1.001884005,1400,,,,,,,,,,,,,,,,,,,,
"lor[1,5]",-0.611163263,0.793091693,-2.418199393,-1.081773246,-0.52196869,-0.053980741,0.726421326,1.002919048,890,,,,,,,,,,,,,,,,,,,,
"lor[2,5]",-1.166068663,0.855903522,-3.314263654,-1.545082093,-1.023462374,-0.696695745,0.318048049,1.001450614,2100,,,,,,,,,,,,,,,,,,,,
"lor[3,5]",1.418113712,0.746239667,-0.331808796,1.015979918,1.525079745,1.927207861,2.612927816,1.005353081,420,,,,,,,,,,,,,,,,,,,,
"lor[4,5]",1.325830323,0.713366339,-0.293151862,0.928588794,1.404172685,1.803564995,2.509248539,1.003999198,570,,,,,,,,,,,,,,,,,,,,
"lor[1,6]",-0.695551319,1.202723371,-3.136226664,-1.452360153,-0.67841431,0.067721552,1.663130864,1.000762114,3000,,,,,,,,,,,,,,,,,,,,
"lor[2,6]",-1.250456718,1.458814126,-4.019690858,-2.166331134,-1.293921528,-0.407379108,1.788769017,1.002029281,1300,,,,,,,,,,,,,,,,,,,,
"lor[3,6]",1.333725657,1.294632638,-1.151757353,0.510637925,1.316454367,2.153744864,3.938700995,1.000883118,3000,,,,,,,,,,,,,,,,,,,,
"lor[4,6]",1.241442267,1.333846341,-1.278003339,0.367459314,1.218178219,2.092024871,4.039881674,1.000525115,3000,,,,,,,,,,,,,,,,,,,,
"lor[5,6]",-0.084388055,1.432165443,-2.789173652,-1.031711816,-0.128332351,0.766342124,2.954396942,1.001102648,3000,,,,,,,,,,,,,,,,,,,,
"lor[1,7]",-1.564163921,0.892069059,-3.560774915,-2.00730786,-1.497423439,-1.027585523,0.003968287,1.001916561,2000,,,,,,,,,,,,,,,,,,,,
"lor[2,7]",-2.11906932,0.938740898,-4.109971547,-2.54032781,-2.120517745,-1.694849908,-0.069266932,1.001197565,2900,,,,,,,,,,,,,,,,,,,,
"lor[3,7]",0.465113055,0.864760904,-1.439751173,0.031171401,0.521263933,0.937124562,2.136941037,1.004065928,870,,,,,,,,,,,,,,,,,,,,
"lor[4,7]",0.372829666,0.866166864,-1.436618599,-0.092907212,0.384322666,0.864489408,2.097622088,1.0032433,730,,,,,,,,,,,,,,,,,,,,
"lor[5,7]",-0.953000657,0.893048957,-2.437186251,-1.468738527,-1.058823707,-0.534534869,1.120842791,1.003400297,2300,,,,,,,,,,,,,,,,,,,,
"lor[6,7]",-0.868612602,1.507077214,-4.088825104,-1.743513977,-0.797308386,0.107980388,1.954074313,1.001193889,2900,,,,,,,,,,,,,,,,,,,,
"lor[1,8]",-0.686229531,0.908305829,-2.657227696,-1.209209459,-0.615548996,-0.098971249,0.918952141,1.007322634,300,,,,,,,,,,,,,,,,,,,,
"lor[2,8]",-1.24113493,0.943223453,-3.199321234,-1.708416709,-1.249901056,-0.78446667,0.858237122,1.001999564,2100,,,,,,,,,,,,,,,,,,,,
"lor[3,8]",1.343047445,0.881069834,-0.609111129,0.880140242,1.399186901,1.862298827,3.000124481,1.011420588,200,,,,,,,,,,,,,,,,,,,,
"lor[4,8]",1.250764056,0.873228865,-0.456485681,0.744741205,1.252309753,1.743787195,3.048913092,1.012089522,190,,,,,,,,,,,,,,,,,,,,
"lor[5,8]",-0.075066267,0.91155602,-1.631726257,-0.620461269,-0.191279045,0.370885961,1.973100359,1.004179367,550,,,,,,,,,,,,,,,,,,,,
"lor[6,8]",0.009321788,1.498330876,-3.160826111,-0.898882402,0.041048251,0.986870127,2.843098264,1.003673792,630,,,,,,,,,,,,,,,,,,,,
"lor[7,8]",0.87793439,0.985970319,-1.202495594,0.36976791,0.868376038,1.392716826,2.913420387,1.003092713,890,,,,,,,,,,,,,,,,,,,,
"lor[1,9]",-0.618312831,0.752717218,-2.306440977,-1.040519328,-0.561751715,-0.140457935,0.696295868,1.001943728,3000,,,,,,,,,,,,,,,,,,,,
"lor[2,9]",-1.173218231,0.816112957,-2.946264916,-1.570613213,-1.157313532,-0.768124194,0.533153892,1.005898359,550,,,,,,,,,,,,,,,,,,,,
"lor[3,9]",1.410964145,0.727111498,-0.18813714,1.030809283,1.462203309,1.83112446,2.771388044,1.001328402,3000,,,,,,,,,,,,,,,,,,,,
"lor[4,9]",1.318680755,0.73887172,-0.26422304,0.912462892,1.333031492,1.736209216,2.834337835,1.001852878,1600,,,,,,,,,,,,,,,,,,,,
"lor[5,9]",-0.007149568,0.770096558,-1.399624652,-0.456050188,-0.089653006,0.37251675,1.691734522,1.002960113,810,,,,,,,,,,,,,,,,,,,,
"lor[6,9]",0.077238488,1.421980593,-2.873574485,-0.781951836,0.125027166,1.001913433,2.786558621,1.000901647,3000,,,,,,,,,,,,,,,,,,,,
"lor[7,9]",0.945851089,0.888775875,-0.968401726,0.51134997,0.960088186,1.420043571,2.749976559,1.001313084,2500,,,,,,,,,,,,,,,,,,,,
"lor[8,9]",0.0679167,0.891490896,-1.848148736,-0.420806862,0.084496205,0.547938308,1.892234252,1.007023462,310,,,,,,,,,,,,,,,,,,,,
"lor[1,10]",-0.780571527,0.530566183,-1.840989011,-1.110026472,-0.77008998,-0.435048535,0.27844959,1.001911079,1400,,,,,,,,,,,,,,,,,,,,
"lor[2,10]",-1.335476926,0.917755422,-3.007897583,-1.855956316,-1.400985119,-0.869031519,0.736785433,1.001812186,1500,,,,,,,,,,,,,,,,,,,,
"lor[3,10]",1.248705449,0.629543408,-0.007946128,0.868382147,1.240536466,1.624853098,2.515896573,1.003228192,730,,,,,,,,,,,,,,,,,,,,
"lor[4,10]",1.156422059,0.710277666,-0.11025046,0.704729733,1.11394798,1.56818109,2.730737069,1.003498921,670,,,,,,,,,,,,,,,,,,,,
"lor[5,10]",-0.169408263,0.84713713,-1.602932577,-0.741836629,-0.279788872,0.318578625,1.82614648,1.001719309,1600,,,,,,,,,,,,,,,,,,,,
"lor[6,10]",-0.085020208,1.294577655,-2.679351057,-0.897317548,-0.074739657,0.764692211,2.492872031,1.002055123,2900,,,,,,,,,,,,,,,,,,,,
"lor[7,10]",0.783592394,0.969813972,-1.128377831,0.215746983,0.734758885,1.286190145,2.919756372,1.000599909,3000,,,,,,,,,,,,,,,,,,,,
"lor[8,10]",-0.094341996,0.9830087,-1.925819222,-0.670922359,-0.136629311,0.41741153,2.113937853,1.004576729,640,,,,,,,,,,,,,,,,,,,,
"lor[9,10]",-0.162258696,0.843484477,-1.678567311,-0.68454374,-0.217550673,0.294909438,1.793674186,1.000898529,3000,,,,,,,,,,,,,,,,,,,,
"lor[1,11]",-0.866162002,0.640319954,-2.213966937,-1.242589194,-0.850044641,-0.466963933,0.331148791,1.001821204,1500,,,,,,,,,,,,,,,,,,,,
"lor[2,11]",-1.421067401,1.005494755,-3.374336876,-1.988791316,-1.485073047,-0.912594892,0.830765341,1.001683721,1700,,,,,,,,,,,,,,,,,,,,
"lor[3,11]",1.163114974,0.734288412,-0.27964376,0.710064793,1.151752541,1.586606804,2.701954261,1.002724739,900,,,,,,,,,,,,,,,,,,,,
"lor[4,11]",1.070831585,0.788468852,-0.336781035,0.563464683,1.046957211,1.511302681,2.776899949,1.003568781,650,,,,,,,,,,,,,,,,,,,,
"lor[5,11]",-0.254998738,0.931513382,-1.795058582,-0.85487209,-0.374903486,0.229950697,1.949331902,1.002051839,1400,,,,,,,,,,,,,,,,,,,,
"lor[6,11]",-0.170610683,1.35981237,-2.881103354,-1.048041016,-0.180931861,0.708354351,2.528376279,1.001330645,2400,,,,,,,,,,,,,,,,,,,,
"lor[7,11]",0.698001919,1.039123844,-1.305777015,0.096529697,0.648457556,1.224219478,2.957545459,1.000596684,3000,,,,,,,,,,,,,,,,,,,,
"lor[8,11]",-0.179932471,1.04984455,-2.233351353,-0.813762542,-0.230757448,0.384039819,2.072482899,1.003093784,770,,,,,,,,,,,,,,,,,,,,
"lor[9,11]",-0.247849171,0.90197241,-1.924693766,-0.814957149,-0.311882049,0.2583107,1.698437051,1.00161151,3000,,,,,,,,,,,,,,,,,,,,
"lor[10,11]",-0.085590475,0.775586533,-1.675243806,-0.532155668,-0.088179361,0.379168331,1.435962128,1.000560425,3000,,,,,,,,,,,,,,,,,,,,
"lor[1,12]",-0.54354477,0.60742049,-1.821669864,-0.898597853,-0.51954865,-0.14618134,0.597240378,1.002838663,920,,,,,,,,,,,,,,,,,,,,
"lor[2,12]",-1.09845017,0.821984277,-2.760298285,-1.496487132,-1.10804564,-0.757242628,0.761808702,1.001279181,2600,,,,,,,,,,,,,,,,,,,,
"lor[3,12]",1.485732205,0.645182445,0.067910779,1.153174047,1.509075346,1.85845157,2.689080943,1.005200282,460,,,,,,,,,,,,,,,,,,,,
"lor[4,12]",1.393448816,0.662708801,0.085507295,1.006065812,1.385963146,1.75294173,2.758981369,1.004516218,510,,,,,,,,,,,,,,,,,,,,
"lor[5,12]",0.067618493,0.739926255,-1.114992315,-0.366524231,-0.052155217,0.423767848,1.78421709,1.001184715,3000,,,,,,,,,,,,,,,,,,,,
"lor[6,12]",0.152006549,1.350252819,-2.601546589,-0.693276383,0.163162084,1.003555887,2.85180769,1.001172996,3000,,,,,,,,,,,,,,,,,,,,
"lor[7,12]",1.02061915,0.855310613,-0.759068476,0.578490321,1.002958035,1.436376951,2.899219926,1.000625623,3000,,,,,,,,,,,,,,,,,,,,
"lor[8,12]",0.14268476,0.851773625,-1.576227686,-0.333999249,0.127365992,0.58767309,1.980183024,1.003853493,600,,,,,,,,,,,,,,,,,,,,
"lor[9,12]",0.074768061,0.7613318,-1.417186753,-0.31681458,0.052149165,0.433650748,1.670673826,1.002674885,1600,,,,,,,,,,,,,,,,,,,,
"lor[10,12]",0.237026757,0.708666974,-1.306420243,-0.152218765,0.269898155,0.673610678,1.515399099,1.002909486,3000,,,,,,,,,,,,,,,,,,,,
"lor[11,12]",0.322617231,0.795464546,-1.367899151,-0.129993055,0.345891938,0.821734788,1.821121056,1.001035149,3000,,,,,,,,,,,,,,,,,,,,
"lor[1,13]",-0.190269,0.896491521,-2.204304333,-0.652995746,-0.134219518,0.342157454,1.390782262,1.001995552,1400,,,,,,,,,,,,,,,,,,,,
"lor[2,13]",-0.745174399,0.924530662,-2.637703802,-1.188955243,-0.750588848,-0.304512178,1.197631822,1.001795367,1500,,,,,,,,,,,,,,,,,,,,
"lor[3,13]",1.839007976,0.865195772,-0.024218708,1.408345058,1.906778141,2.302784426,3.451587531,1.003973786,690,,,,,,,,,,,,,,,,,,,,
"lor[4,13]",1.746724586,0.861292826,0.032553024,1.289768143,1.749454922,2.200756025,3.507460541,1.003282347,1200,,,,,,,,,,,,,,,,,,,,
"lor[5,13]",0.420894263,0.904456904,-1.171831085,-0.088690408,0.306573499,0.861463519,2.4131373,1.000565755,3000,,,,,,,,,,,,,,,,,,,,
"lor[6,13]",0.505282319,1.505503821,-2.63568438,-0.417958086,0.543174165,1.457237562,3.325128912,1.000851046,3000,,,,,,,,,,,,,,,,,,,,
"lor[7,13]",1.373894921,0.970390967,-0.658859217,0.910522226,1.378785627,1.871263649,3.26785357,1.001354567,2300,,,,,,,,,,,,,,,,,,,,
"lor[8,13]",0.495960531,0.974203382,-1.42133899,-0.02306506,0.495762491,1.003901669,2.478150331,1.00457379,490,,,,,,,,,,,,,,,,,,,,
"lor[9,13]",0.428043831,0.871772635,-1.229773985,-0.032187511,0.38580635,0.860230774,2.30621695,1.002082221,1300,,,,,,,,,,,,,,,,,,,,
"lor[10,13]",0.590302527,0.9738079,-1.547541975,0.106345828,0.649758824,1.145791818,2.371056952,1.001414759,2200,,,,,,,,,,,,,,,,,,,,
"lor[11,13]",0.675893002,1.029941159,-1.562987816,0.136524658,0.73572101,1.283495855,2.537227139,1.001676459,1700,,,,,,,,,,,,,,,,,,,,
"lor[12,13]",0.35327577,0.855789204,-1.480047258,-0.045729662,0.360884253,0.790952745,2.06612229,1.001004478,3000,,,,,,,,,,,,,,,,,,,,
"lor[1,14]",-2.351205879,1.061802594,-4.470141258,-3.017014342,-2.341635043,-1.671195155,-0.26061511,1.001527747,2500,,,,,,,,,,,,,,,,,,,,
"lor[2,14]",-2.906111278,1.187606932,-5.302844697,-3.595619789,-2.895124461,-2.208624649,-0.560896681,1.001691001,1700,,,,,,,,,,,,,,,,,,,,
"lor[3,14]",-0.321928903,1.042626844,-2.453911614,-0.934163805,-0.307676055,0.339891197,1.663283472,1.002705959,1200,,,,,,,,,,,,,,,,,,,,
"lor[4,14]",-0.414212292,1.057796853,-2.522106832,-1.078693327,-0.420098557,0.250722933,1.674122069,1.001188443,2900,,,,,,,,,,,,,,,,,,,,
"lor[5,14]",-1.740042615,1.068725228,-3.858135489,-2.423515408,-1.7489832,-1.06684003,0.36996363,1.001217242,3000,,,,,,,,,,,,,,,,,,,,
"lor[6,14]",-1.65565456,1.603231462,-4.932533518,-2.689605958,-1.650266446,-0.598825132,1.464335282,1.000669627,3000,,,,,,,,,,,,,,,,,,,,
"lor[7,14]",-0.787041958,1.227344977,-3.372203014,-1.541149744,-0.758418799,-0.034875954,1.662884185,1.00177375,2900,,,,,,,,,,,,,,,,,,,,
"lor[8,14]",-1.664976348,1.239726224,-4.266738188,-2.401903927,-1.649470467,-0.874045369,0.7090645,1.0036677,630,,,,,,,,,,,,,,,,,,,,
"lor[9,14]",-1.732893048,1.13164722,-4.109301989,-2.443856471,-1.703824248,-1.025426093,0.528419691,1.001309189,2500,,,,,,,,,,,,,,,,,,,,
"lor[10,14]",-1.570634352,1.124804454,-3.884670501,-2.245986864,-1.543619041,-0.845521439,0.548905599,1.001296388,2600,,,,,,,,,,,,,,,,,,,,
"lor[11,14]",-1.485043877,1.175084601,-3.929097845,-2.194661885,-1.421480803,-0.734597688,0.724209741,1.001511073,2000,,,,,,,,,,,,,,,,,,,,
"lor[12,14]",-1.807661108,1.098043483,-4.078115286,-2.461939885,-1.785049365,-1.101085272,0.235149631,1.001093038,3000,,,,,,,,,,,,,,,,,,,,
"lor[13,14]",-2.160936879,1.240289693,-4.588901913,-2.882124458,-2.148440642,-1.419994708,0.298352796,1.000541278,3000,,,,,,,,,,,,,,,,,,,,
"lor[1,15]",-3.799430312,2.426394043,-8.333976933,-5.407866828,-3.847299982,-2.331931638,1.069365039,1.000859393,3000,,,,,,,,,,,,,,,,,,,,
"lor[2,15]",-4.354335711,2.56464202,-9.274206463,-6.013815376,-4.345678047,-2.803872778,0.77781815,1.001126268,3000,,,,,,,,,,,,,,,,,,,,
"lor[3,15]",-1.770153336,2.464796408,-6.500114198,-3.376516335,-1.752305371,-0.265897995,3.276232351,1.000959759,3000,,,,,,,,,,,,,,,,,,,,
"lor[4,15]",-1.862436726,2.494886318,-6.638507223,-3.465815921,-1.89858487,-0.334609655,3.083748215,1.000646016,3000,,,,,,,,,,,,,,,,,,,,
"lor[5,15]",-3.188267048,2.531694612,-8.011218378,-4.812050459,-3.175586468,-1.592915243,1.671182969,1.000721629,3000,,,,,,,,,,,,,,,,,,,,
"lor[6,15]",-3.103878993,2.732053043,-8.246828673,-4.881411752,-3.181484391,-1.384567685,2.436277846,1.000690448,3000,,,,,,,,,,,,,,,,,,,,
"lor[7,15]",-2.235266391,2.551200267,-7.134811689,-3.882025093,-2.290963681,-0.589995023,2.887974652,1.000993681,3000,,,,,,,,,,,,,,,,,,,,
"lor[8,15]",-3.113200781,2.572236998,-8.084355125,-4.755859609,-3.141534245,-1.53114414,2.035263419,1.001809396,1500,,,,,,,,,,,,,,,,,,,,
"lor[9,15]",-3.181117481,2.524493205,-7.929806642,-4.852987136,-3.173459196,-1.64584331,1.996972397,1.000888421,3000,,,,,,,,,,,,,,,,,,,,
"lor[10,15]",-3.018858785,2.471206862,-7.661629987,-4.641685681,-3.014081973,-1.51826471,1.912914735,1.000983171,3000,,,,,,,,,,,,,,,,,,,,
"lor[11,15]",-2.93326831,2.51665899,-7.692579181,-4.566292634,-2.974233847,-1.40966082,2.144004337,1.00120154,3000,,,,,,,,,,,,,,,,,,,,
"lor[12,15]",-3.255885542,2.496659369,-8.026378112,-4.919249158,-3.289038826,-1.681700441,1.6801151,1.000875234,3000,,,,,,,,,,,,,,,,,,,,
"lor[13,15]",-3.609161312,2.573171458,-8.664570448,-5.216247337,-3.622109318,-2.018339932,1.492947203,1.000645647,3000,,,,,,,,,,,,,,,,,,,,
"lor[14,15]",-1.448224433,2.616675727,-6.448221408,-3.161339335,-1.472071337,0.229805352,3.835732286,1.000587362,3000,,,,,,,,,,,,,,,,,,,,
"lor[1,16]",-3.075156636,1.219166486,-5.505628608,-3.84060125,-3.107729001,-2.317112351,-0.566523106,1.00083072,3000,,,,,,,,,,,,,,,,,,,,
"lor[2,16]",-3.630062035,1.492913825,-6.376079078,-4.570479349,-3.712292034,-2.740057565,-0.454558301,1.002905124,830,,,,,,,,,,,,,,,,,,,,
"lor[3,16]",-1.04587966,1.305722718,-3.571810022,-1.899876622,-1.07506222,-0.259080662,1.657600289,1.000556582,3000,,,,,,,,,,,,,,,,,,,,
"lor[4,16]",-1.13816305,1.35445789,-3.709536152,-2.02013906,-1.194351546,-0.333859768,1.737198312,1.000740537,3000,,,,,,,,,,,,,,,,,,,,
"lor[5,16]",-2.463993372,1.468501496,-5.138579483,-3.435323266,-2.565289436,-1.584644471,0.679836991,1.002008313,1300,,,,,,,,,,,,,,,,,,,,
"lor[6,16]",-2.379605317,1.365751831,-4.996172604,-3.261147614,-2.398638008,-1.526752594,0.307051942,1.000851406,3000,,,,,,,,,,,,,,,,,,,,
"lor[7,16]",-1.510992715,1.523893881,-4.436460646,-2.486338272,-1.595673601,-0.585032991,1.638030821,1.001839494,1800,,,,,,,,,,,,,,,,,,,,
"lor[8,16]",-2.388927105,1.518460128,-5.307393678,-3.32459925,-2.433378372,-1.507085765,0.8740538,1.004576578,490,,,,,,,,,,,,,,,,,,,,
"lor[9,16]",-2.456843805,1.448388041,-5.232287321,-3.360522394,-2.531084069,-1.564125116,0.643920685,1.000916379,3000,,,,,,,,,,,,,,,,,,,,
"lor[10,16]",-2.294585109,1.332830716,-5.011412768,-3.126747142,-2.339444106,-1.479641442,0.355169424,1.001484387,2000,,,,,,,,,,,,,,,,,,,,
"lor[11,16]",-2.208994634,1.389763038,-4.919022503,-3.064528582,-2.26434389,-1.343015976,0.627654757,1.00150875,2000,,,,,,,,,,,,,,,,,,,,
"lor[12,16]",-2.531611866,1.373511048,-5.22061923,-3.38640789,-2.600090799,-1.70239837,0.33973897,1.001842298,1500,,,,,,,,,,,,,,,,,,,,
"lor[13,16]",-2.884887636,1.527764806,-5.785170519,-3.842406187,-2.953115594,-1.967203677,0.36006256,1.002097843,1800,,,,,,,,,,,,,,,,,,,,
"lor[14,16]",-0.723950757,1.637297777,-3.897762031,-1.834368769,-0.751542308,0.309279917,2.685757582,1.001265038,2600,,,,,,,,,,,,,,,,,,,,
"lor[15,16]",0.724273676,2.690478994,-4.628167863,-0.982102574,0.803412023,2.536409697,5.820257188,1.000862916,3000,,,,,,,,,,,,,,,,,,,,
"lor[1,17]",-3.310636227,2.236754345,-7.784106799,-4.687088969,-3.282820198,-1.875650244,1.109461663,1.002896052,840,,,,,,,,,,,,,,,,,,,,
"lor[2,17]",-3.865541626,2.348788614,-8.756984126,-5.356529099,-3.833452139,-2.329522368,0.809799543,1.004680496,480,,,,,,,,,,,,,,,,,,,,
"lor[3,17]",-1.281359251,2.263134874,-5.980952301,-2.710844158,-1.229254293,0.217743216,3.229723468,1.002334242,1100,,,,,,,,,,,,,,,,,,,,
"lor[4,17]",-1.37364264,2.301280909,-6.091302492,-2.808724794,-1.287183493,0.135621471,3.125099976,1.003088713,770,,,,,,,,,,,,,,,,,,,,
"lor[5,17]",-2.699472963,2.370513064,-7.736378701,-4.134601721,-2.636769068,-1.168696401,1.903141035,1.004331923,520,,,,,,,,,,,,,,,,,,,,
"lor[6,17]",-2.615084908,2.507432655,-7.623409766,-4.259897636,-2.588584573,-0.9967227,2.346187771,1.002842116,860,,,,,,,,,,,,,,,,,,,,
"lor[7,17]",-1.746472306,2.385820293,-6.693632731,-3.238073862,-1.708230743,-0.199301668,3.015903812,1.003361419,700,,,,,,,,,,,,,,,,,,,,
"lor[8,17]",-2.624406696,2.38846691,-7.582221646,-4.177785525,-2.591494366,-1.080120324,2.07240744,1.005184698,430,,,,,,,,,,,,,,,,,,,,
"lor[9,17]",-2.692323396,2.36465107,-7.535519503,-4.136621585,-2.636246254,-1.144205732,1.914471655,1.002604205,950,,,,,,,,,,,,,,,,,,,,
"lor[10,17]",-2.5300647,2.282125252,-7.177282678,-3.971946041,-2.497435613,-1.061498565,2.040810875,1.003270406,720,,,,,,,,,,,,,,,,,,,,
"lor[11,17]",-2.444474225,2.332294431,-7.113973444,-3.925494154,-2.376772327,-0.927751333,2.178264821,1.003032701,790,,,,,,,,,,,,,,,,,,,,
"lor[12,17]",-2.767091456,2.314616474,-7.597762362,-4.197317164,-2.705190389,-1.263810036,1.826043764,1.003834568,600,,,,,,,,,,,,,,,,,,,,
"lor[13,17]",-3.120367227,2.38984462,-8.020794774,-4.635542633,-3.093318309,-1.576988383,1.682206848,1.004078271,560,,,,,,,,,,,,,,,,,,,,
"lor[14,17]",-0.959430348,2.472433746,-5.974560511,-2.513407742,-0.917467046,0.606046459,3.812987254,1.003659408,630,,,,,,,,,,,,,,,,,,,,
"lor[15,17]",0.488794085,3.406108062,-6.245459975,-1.534552046,0.475021608,2.552971306,7.162655309,1.002903427,1100,,,,,,,,,,,,,,,,,,,,
"lor[16,17]",-0.235479591,2.556073239,-5.336139407,-1.891093973,-0.200318411,1.434151463,4.774701456,1.001908878,1400,,,,,,,,,,,,,,,,,,,,
resdev[1],1.164375906,1.400908453,0.020715086,0.237840332,0.645773387,1.556207655,4.909147396,1.005497661,420,,,,,,,,,,,,,,,,,,,,
resdev[2],1.851064039,1.823334617,0.057412838,0.540948569,1.276567003,2.557834088,6.806957457,1.007692248,280,,,,,,,,,,,,,,,,,,,,
resdev[3],1.995764402,1.982963577,0.047186434,0.578079017,1.370392162,2.792358096,7.310914802,1.002142506,1200,,,,,,,,,,,,,,,,,,,,
resdev[4],1.660396568,1.675900393,0.046704878,0.491150587,1.125456936,2.241348358,6.349260584,1.001107163,3000,,,,,,,,,,,,,,,,,,,,
resdev[5],1.712148485,1.769943147,0.042189895,0.498221425,1.163778616,2.363509445,6.284213779,1.006663918,1400,,,,,,,,,,,,,,,,,,,,
resdev[6],1.942030074,1.948863111,0.052845281,0.558920247,1.314880145,2.702417815,7.18854269,1.000530712,3000,,,,,,,,,,,,,,,,,,,,
resdev[7],1.109420447,1.396577144,0.01757275,0.200652942,0.578849411,1.474903574,4.907466225,1.001859818,1500,,,,,,,,,,,,,,,,,,,,
resdev[8],2.122491437,1.959168692,0.06881395,0.662116176,1.543924391,2.972404241,7.389385801,1.013868657,180,,,,,,,,,,,,,,,,,,,,
resdev[9],2.020910241,1.989942426,0.051485889,0.598274112,1.430687593,2.789556675,7.208698737,1.001596994,3000,,,,,,,,,,,,,,,,,,,,
resdev[10],2.090707265,1.912891093,0.065604928,0.685429682,1.580053545,2.91685306,7.007731929,1.002131411,1400,,,,,,,,,,,,,,,,,,,,
resdev[11],1.943965061,1.806922479,0.061970289,0.660341668,1.413954604,2.652832238,6.805970744,1.001291784,2500,,,,,,,,,,,,,,,,,,,,
resdev[12],1.528987786,1.556112632,0.038838246,0.441193056,1.042983473,2.111199152,5.822303847,1.000695788,3000,,,,,,,,,,,,,,,,,,,,
resdev[13],1.7777292,1.69335043,0.078036293,0.602800465,1.264540615,2.396399739,6.194544733,1.000608062,3000,,,,,,,,,,,,,,,,,,,,
resdev[14],1.965586918,1.926317191,0.045066526,0.594204706,1.374510865,2.741799583,7.089762712,1.000542373,3000,,,,,,,,,,,,,,,,,,,,
resdev[15],1.467575628,1.525543522,0.031978994,0.400780307,0.952124197,2.029871282,5.508818572,1.001753823,3000,,,,,,,,,,,,,,,,,,,,
resdev[16],1.642898599,1.563510362,0.053714709,0.536386826,1.204322621,2.257388699,5.889173762,1.008505631,270,,,,,,,,,,,,,,,,,,,,
resdev[17],1.950262861,1.647509061,0.127468703,0.848145695,1.506854831,2.561928547,6.316319227,1.014806555,150,,,,,,,,,,,,,,,,,,,,
resdev[18],3.039229221,2.583583235,0.212799731,1.159479361,2.37606534,4.171277099,9.595431756,1.006720106,390,,,,,,,,,,,,,,,,,,,,
resdev[19],1.997116261,1.941731353,0.050826436,0.594622803,1.419303594,2.767075657,7.295803918,1.00062339,3000,,,,,,,,,,,,,,,,,,,,
resdev[20],3.999238216,2.815902746,0.498669233,1.921021447,3.291839289,5.411061154,11.0488884,1.001883385,1400,,,,,,,,,,,,,,,,,,,,
resdev[21],3.804238768,2.663053185,0.48865833,1.838283744,3.162250516,5.17769535,10.39161492,1.00290435,830,,,,,,,,,,,,,,,,,,,,
resdev[22],2.152933873,2.198643802,0.049800651,0.623678551,1.460102593,2.988662346,8.149762275,1.001920383,1400,,,,,,,,,,,,,,,,,,,,
resdev[23],2.029771327,2.00146798,0.045217975,0.588306942,1.44656599,2.792009311,7.592531122,1.009067848,300,,,,,,,,,,,,,,,,,,,,
resdev[24],2.778797496,2.222772389,0.211493468,1.119797194,2.191184631,3.857839912,8.37931606,1.018038495,130,,,,,,,,,,,,,,,,,,,,
resdev[25],2.934020928,2.394175293,0.210548932,1.198333439,2.282593681,3.982450213,9.029139905,1.00381634,930,,,,,,,,,,,,,,,,,,,,
resdev[26],2.069552754,2.087353126,0.052333974,0.559074523,1.39671684,2.929590027,7.957431104,1.002793482,2100,,,,,,,,,,,,,,,,,,,,
resdev[27],1.958848564,2.039395799,0.055550432,0.562500021,1.292720824,2.664271443,7.708168273,1.008381905,1000,,,,,,,,,,,,,,,,,,,,
resdev[28],8.906053189,4.229654748,2.629189948,5.809442165,8.178004166,11.27761526,18.92072186,1.001418663,2200,,,,,,,,,,,,,,,,,,,,
resdev[29],2.870185537,2.227637973,0.222762893,1.238668828,2.352050044,3.913533294,8.763990347,1.001161333,3000,,,,,,,,,,,,,,,,,,,,
resdev[30],2.699329919,2.557554648,0.077048331,0.840419462,1.928350748,3.772907215,9.476803067,1.005757323,450,,,,,,,,,,,,,,,,,,,,
resdev[31],1.889371036,1.899968918,0.047146491,0.538623603,1.31143034,2.64973003,7.025190057,1.00242352,1500,,,,,,,,,,,,,,,,,,,,
resdev[32],2.957322709,2.413616164,0.228020415,1.189690679,2.345213909,4.096086278,9.410791086,1.001192898,3000,,,,,,,,,,,,,,,,,,,,
resdev[33],3.012976996,2.397779697,0.214503443,1.276827938,2.424980042,4.126655954,9.2429701,1.003025077,790,,,,,,,,,,,,,,,,,,,,
resdev[34],1.665047954,1.649790693,0.037467554,0.477612987,1.182063854,2.315826758,5.919596278,1.001181489,2900,,,,,,,,,,,,,,,,,,,,
resdev[35],1.810722777,1.810256054,0.047022231,0.511611362,1.24404182,2.506751311,6.755531485,1.001926441,1400,,,,,,,,,,,,,,,,,,,,
resdev[36],1.902589088,1.762643676,0.058357328,0.631310212,1.434740455,2.661282714,6.376632652,1.003907915,2800,,,,,,,,,,,,,,,,,,,,
resdev[37],1.871203445,1.897843482,0.045838649,0.521843298,1.281288312,2.591050739,6.994995313,1.001528014,3000,,,,,,,,,,,,,,,,,,,,
resdev[38],3.654528322,3.286732811,0.127242076,1.204768078,2.721530414,5.170263732,12.25810508,1.000768634,3000,,,,,,,,,,,,,,,,,,,,
resdev[39],1.918929955,1.870893249,0.054532888,0.583942511,1.361627074,2.628970329,6.856830848,1.003100338,770,,,,,,,,,,,,,,,,,,,,
resdev[40],4.843908095,3.127117227,0.743679534,2.517666495,4.222344274,6.424494269,12.80519316,1.000523142,3000,,,,,,,,,,,,,,,,,,,,
resdev[41],3.013550341,2.430509107,0.209041893,1.25698738,2.419646979,4.13596631,9.132027012,1.00167951,1700,,,,,,,,,,,,,,,,,,,,
resdev[42],2.960831096,2.372106992,0.215554849,1.228167376,2.355297254,4.055791308,9.456264914,1.000669962,3000,,,,,,,,,,,,,,,,,,,,
resdev[43],3.93587618,2.768289834,0.537146069,1.917201797,3.243300997,5.318825251,10.85997877,1.000499827,3000,,,,,,,,,,,,,,,,,,,,
resdev[44],2.928112967,2.352025726,0.190407377,1.222420283,2.309080113,3.970798354,8.96173159,1.002628145,1800,,,,,,,,,,,,,,,,,,,,
rk[1],14,1.789645759,10,13,15,16,17,1.006425978,420,,,,,,,,,,,,,,,,,,,,
rk[2],16,1.992066515,10,16,17,17,17,1.001792154,2400,,,,,,,,,,,,,,,,,,,,
rk[3],5,1.71672558,2,4,5,6,9,1.000771882,3000,,,,,,,,,,,,,,,,,,,,
rk[4],5,1.79633344,2,4,5,6,9,1.002151808,1200,,,,,,,,,,,,,,,,,,,,
rk[5],12,2.889407572,5,10,12,14,16,1.004503068,770,,,,,,,,,,,,,,,,,,,,
rk[6],11,4.4693867,3,7,11,15,17,1.001143493,3000,,,,,,,,,,,,,,,,,,,,
rk[7],7,2.744294454,2,5,7,8,14,1.001272514,2600,,,,,,,,,,,,,,,,,,,,
rk[8],11,3.237650848,4,9,11,13,16,1.005014424,450,,,,,,,,,,,,,,,,,,,,
rk[9],11,2.717539309,5,9,11,13,16,1.001374984,2300,,,,,,,,,,,,,,,,,,,,
rk[10],10,2.639847015,6,8,10,12,16,1.000653464,3000,,,,,,,,,,,,,,,,,,,,
rk[11],10,2.945124885,5,8,10,12,16,1.000595332,3000,,,,,,,,,,,,,,,,,,,,
rk[12],12,2.344325811,7,10,12,13,16,1.001105155,3000,,,,,,,,,,,,,,,,,,,,
rk[13],13,2.917940658,6,12,14,16,17,1.001109166,3000,,,,,,,,,,,,,,,,,,,,
rk[14],5,2.769388873,1,3,4,6,12,1.001445898,2100,,,,,,,,,,,,,,,,,,,,
rk[15],4,4.209046596,1,1,2,4,17,1.001668442,1700,,,,,,,,,,,,,,,,,,,,
rk[16],3,2.770171686,1,2,3,4,12,1.000689992,3000,,,,,,,,,,,,,,,,,,,,
rk[17],4,4.271683468,1,1,2,5,17,1.004610634,490,,,,,,,,,,,,,,,,,,,,
sdALL,0.506953883,0.34231805,0.026551611,0.240888601,0.453262256,0.713204536,1.303277582,1.004930714,920,,,,,,,,,,,,,,,,,,,,
sdCC,1.006175866,0.235249409,0.63804256,0.837230654,0.973553379,1.140255529,1.529687451,1.001040078,3000,,,,,,,,,,,,,,,,,,,,
sdPC,1.267631632,0.382039403,0.713079121,0.997147786,1.204343597,1.456448452,2.204018575,1.001449644,2100,,,,,,,,,,,,,,,,,,,,
sdRC,2.313864157,0.629383535,1.346086769,1.868627814,2.232999569,2.657135543,3.780957497,1.001795776,1500,,,,,,,,,,,,,,,,,,,,
sdRCT,0.170793774,0.133348464,0.008128041,0.070152988,0.143131346,0.239179513,0.51088387,1.009547306,340,,,,,,,,,,,,,,,,,,,,
totresdev,109.5506019,14.76035608,82.33478272,99.22688454,108.757423,119.0294968,139.9251571,1.003267172,720,,,,,,,,,,,,,,,,,,,,
